gfx,cu_num,M,N,K,libtype,kernelId,splitK,us,kernelName,tflops,bw,errRatio
gfx942,304,8,1536,4096,ck,7,0,11.2214,a8w8_blockscale_bpreshuffle_1x128x128_256x16x64x256_16x16_16x16_16x16x1_16x16x1_1x16x1x16_4_1x1_intrawave_v1,8.97,565.78,0.0
gfx942,304,8,4096,4096,ck,7,0,11.0425,a8w8_blockscale_bpreshuffle_1x128x128_256x16x64x256_16x16_16x16_16x16x1_16x16x1_1x16x1x16_4_1x1_intrawave_v1,24.31,1528.23,0.0
gfx942,304,8,4096,8192,ck,7,0,19.4501,a8w8_blockscale_bpreshuffle_1x128x128_256x16x64x256_16x16_16x16_16x16x1_16x16x1_1x16x1x16_4_1x1_intrawave_v1,27.6,1731.89,0.0
gfx942,304,16,1536,4096,ck,7,0,10.4047,a8w8_blockscale_bpreshuffle_1x128x128_256x16x64x256_16x16_16x16_16x16x1_16x16x1_1x16x1x16_4_1x1_intrawave_v1,19.35,615.7,0.0
gfx942,304,16,4096,4096,ck,7,0,10.2152,a8w8_blockscale_bpreshuffle_1x128x128_256x16x64x256_16x16_16x16_16x16x1_16x16x1_1x16x1x16_4_1x1_intrawave_v1,52.56,1661.62,0.0
gfx942,304,16,4096,8192,ck,7,0,17.9134,a8w8_blockscale_bpreshuffle_1x128x128_256x16x64x256_16x16_16x16_16x16x1_16x16x1_1x16x1x16_4_1x1_intrawave_v1,59.94,1887.78,0.0
gfx942,304,32,1536,4096,ck,7,0,10.6132,a8w8_blockscale_bpreshuffle_1x128x128_256x16x64x256_16x16_16x16_16x16x1_16x16x1_1x16x1x16_4_1x1_intrawave_v1,37.94,614.41,0.0
gfx942,304,32,4096,4096,ck,7,0,10.3057,a8w8_blockscale_bpreshuffle_1x128x128_256x16x64x256_16x16_16x16_16x16x1_16x16x1_1x16x1x16_4_1x1_intrawave_v1,104.19,1666.11,0.0
gfx942,304,32,4096,8192,ck,7,0,17.6291,a8w8_blockscale_bpreshuffle_1x128x128_256x16x64x256_16x16_16x16_16x16x1_16x16x1_1x16x1x16_4_1x1_intrawave_v1,121.81,1933.09,0.0
gfx942,304,64,1536,4096,ck,7,0,10.6441,a8w8_blockscale_bpreshuffle_1x128x128_256x16x64x256_16x16_16x16_16x16x1_16x16x1_1x16x1x16_4_1x1_intrawave_v1,75.66,634.17,0.0
gfx942,304,64,4096,4096,ck,7,0,11.072,a8w8_blockscale_bpreshuffle_1x128x128_256x16x64x256_16x16_16x16_16x16x1_16x16x1_1x16x1x16_4_1x1_intrawave_v1,193.96,1586.31,0.0
gfx942,304,64,4096,8192,ck,7,0,19.157,a8w8_blockscale_bpreshuffle_1x128x128_256x16x64x256_16x16_16x16_16x16x1_16x16x1_1x16x1x16_4_1x1_intrawave_v1,224.2,1806.29,0.0
gfx942,304,128,1536,4096,ck,7,0,10.4885,a8w8_blockscale_bpreshuffle_1x128x128_256x16x64x256_16x16_16x16_16x16x1_16x16x1_1x16x1x16_4_1x1_intrawave_v1,153.56,687.32,0.0
gfx942,304,128,4096,4096,ck,12,0,14.1193,a8w8_blockscale_bpreshuffle_1x128x128_256x32x64x256_16x16_16x16_16x16x1_16x16x1_1x32x1x8_8_2x1_intrawave_v1,304.19,1299.65,0.0
gfx942,304,128,4096,8192,ck,12,0,24.0237,a8w8_blockscale_bpreshuffle_1x128x128_256x32x64x256_16x16_16x16_16x16x1_16x16x1_1x32x1x8_8_2x1_intrawave_v1,357.56,1484.02,0.0
gfx942,304,256,1536,4096,ck,12,0,11.3275,a8w8_blockscale_bpreshuffle_1x128x128_256x32x64x256_16x16_16x16_16x16x1_16x16x1_1x32x1x8_8_2x1_intrawave_v1,284.37,717.41,0.0
gfx942,304,256,4096,4096,ck,11,0,20.0206,a8w8_blockscale_bpreshuffle_1x128x128_256x32x128x256_16x16_16x16_16x16x1_16x16x1_1x32x1x8_8_2x1_intrawave_v1,429.05,995.12,0.0
gfx942,304,256,4096,8192,ck,11,0,36.7958,a8w8_blockscale_bpreshuffle_1x128x128_256x32x128x256_16x16_16x16_16x16x1_16x16x1_1x32x1x8_8_2x1_intrawave_v1,466.9,1025.9,0.0
gfx942,304,512,1536,4096,ck,11,0,17.1091,a8w8_blockscale_bpreshuffle_1x128x128_256x32x128x256_16x16_16x16_16x16x1_16x16x1_1x32x1x8_8_2x1_intrawave_v1,376.55,582.23,0.0
gfx942,304,512,4096,4096,ck,14,0,31.351,a8w8_blockscale_bpreshuffle_1x128x128_256x64x128x128_16x16_16x16_8x32x1_8x32x1_1x32x1x8_8_2x1_intrawave_v1,547.98,735.82,0.0
gfx942,304,512,4096,8192,ck,16,0,58.5115,a8w8_blockscale_bpreshuffle_1x128x128_256x64x128x256_16x16_16x16_16x16x1_16x16x1_1x32x1x8_8_2x1_intrawave_v1,587.23,716.83,0.0
gfx942,304,1664,1536,4096,ck,13,0,41.3202,a8w8_blockscale_bpreshuffle_1x128x128_256x64x256x128_16x16_16x16_8x32x1_8x32x1_1x32x1x8_8_2x1_intrawave_v1,506.72,440.92,0.0
gfx942,304,1664,4096,4096,ck,14,0,73.4765,a8w8_blockscale_bpreshuffle_1x128x128_256x64x128x128_16x16_16x16_8x32x1_8x32x1_1x32x1x8_8_2x1_intrawave_v1,759.9,506.62,0.0
gfx942,304,1664,4096,8192,ck,14,0,140.9972,a8w8_blockscale_bpreshuffle_1x128x128_256x64x128x128_16x16_16x16_8x32x1_8x32x1_1x32x1x8_8_2x1_intrawave_v1,792.0,431.34,0.0
gfx942,304,7808,1536,4096,ck,14,0,125.8429,a8w8_blockscale_bpreshuffle_1x128x128_256x64x128x128_16x16_16x16_8x32x1_8x32x1_1x32x1x8_8_2x1_intrawave_v1,780.71,494.74,0.0
gfx942,304,7808,4096,4096,ck,1,0,306.0297,a8w8_blockscale_bpreshuffle_1x128x128_256x64x128x128_16x16_16x16_8x32x1_8x32x1_1x32x1x8_8_2x1_intrawave_v3,856.1,368.34,0.0
gfx942,304,7808,4096,8192,ck,14,0,599.9401,a8w8_blockscale_bpreshuffle_1x128x128_256x64x128x128_16x16_16x16_8x32x1_8x32x1_1x32x1x8_8_2x1_intrawave_v1,873.4,269.16,0.0
gfx942,304,7808,4096,12288,ck,0,0,872.6108,a8w8_blockscale_bpreshuffle_1x128x128_256x128x128x128_16x16_16x16_8x32x1_8x32x1_1x32x1x8_8_2x1_intrawave_v3,900.72,240.93,0.0
gfx942,304,7808,8192,1024,ck,13,0,178.4801,a8w8_blockscale_bpreshuffle_1x128x128_256x64x256x128_16x16_16x16_8x32x1_8x32x1_1x32x1x8_8_2x1_intrawave_v1,733.96,808.55,0.0
gfx942,304,7808,32768,1024,ck,0,0,726.9038,a8w8_blockscale_bpreshuffle_1x128x128_256x128x128x128_16x16_16x16_8x32x1_8x32x1_1x32x1x8_8_2x1_intrawave_v3,720.85,761.11,0.0
gfx942,304,2688,1536,4096,ck,14,0,51.8662,a8w8_blockscale_bpreshuffle_1x128x128_256x64x128x128_16x16_16x16_8x32x1_8x32x1_1x32x1x8_8_2x1_intrawave_v1,652.12,492.79,0.0
gfx942,304,2688,4096,4096,ck,1,0,120.2725,a8w8_blockscale_bpreshuffle_1x128x128_256x64x128x128_16x16_16x16_8x32x1_8x32x1_1x32x1x8_8_2x1_intrawave_v3,749.92,414.12,0.0
gfx942,304,2688,4096,8192,ck,14,0,229.6835,a8w8_blockscale_bpreshuffle_1x128x128_256x64x128x128_16x16_16x16_8x32x1_8x32x1_1x32x1x8_8_2x1_intrawave_v1,785.38,337.83,0.0
